{"parent": ["AaBbCcDdEeFfGgHhIi", 
	"AaBbCcDdEeFfGgHhIi"], 
	"parent_peizi": {"father": {"ABCdEF": 1, 
	"aBcDef": 1, 
	"abCDEF": 1, 
	"abcdEf": 1, 
	"abcdef": 1, 
	"ABCdef": 1, 
	"AbcdeF": 1, 
	"abCdef": 1, 
	"AbcdEf": 1, 
	"AbCdEf": 1, 
	"aBCDEf": 1, 
	"ABCdEf": 1, 
	"ABCDef": 1, 
	"aBCdef": 1, 
	"aBcDEF": 1, 
	"ABcdEF": 1, 
	"aBCDeF": 1, 
	"aBcdeF": 1, 
	"AbcDef": 1, 
	"Abcdef": 1, 
	"AbcDEF": 1, 
	"ABcDEF": 1, 
	"aBcdEF": 1, 
	"abcdEF": 1, 
	"abcDEF": 1, 
	"ABCDEF": 1, 
	"AbCdEF": 1, 
	"AbCdef": 1, 
	"abcDeF": 1, 
	"aBcDEf": 1, 
	"abcdeF": 1, 
	"AbCdeF": 1, 
	"aBcDeF": 1, 
	"AbCDEF": 1, 
	"abCDeF": 1, 
	"abCDEf": 1, 
	"AbcDEf": 1, 
	"abCdEf": 1, 
	"aBCdeF": 1, 
	"ABcDeF": 1, 
	"ABCdeF": 1, 
	"AbcDeF": 1, 
	"aBcdEf": 1, 
	"abcDEf": 1, 
	"abCDef": 1, 
	"AbCDef": 1, 
	"AbCDEf": 1, 
	"abCdeF": 1, 
	"ABcdeF": 1, 
	"ABcDEf": 1, 
	"aBCDEF": 1, 
	"aBCdEf": 1, 
	"AbcdEF": 1, 
	"abcDef": 1, 
	"aBcdef": 1, 
	"ABcdEf": 1, 
	"ABcdef": 1, 
	"aBCdEF": 1, 
	"AbCDeF": 1, 
	"aBCDef": 1, 
	"ABcDef": 1, 
	"abCdEF": 1, 
	"ABCDEf": 1, 
	"ABCDeF": 1}, 
	"mother": {"ABCdEF": 1, 
	"aBcDef": 1, 
	"abCDEF": 1, 
	"abcdEf": 1, 
	"abcdef": 1, 
	"ABCdef": 1, 
	"AbcdeF": 1, 
	"abCdef": 1, 
	"AbcdEf": 1, 
	"AbCdEf": 1, 
	"aBCDEf": 1, 
	"ABCdEf": 1, 
	"ABCDef": 1, 
	"aBCdef": 1, 
	"aBcDEF": 1, 
	"ABcdEF": 1, 
	"aBCDeF": 1, 
	"aBcdeF": 1, 
	"AbcDef": 1, 
	"Abcdef": 1, 
	"AbcDEF": 1, 
	"ABcDEF": 1, 
	"aBcdEF": 1, 
	"abcdEF": 1, 
	"abcDEF": 1, 
	"ABCDEF": 1, 
	"AbCdEF": 1, 
	"AbCdef": 1, 
	"abcDeF": 1, 
	"aBcDEf": 1, 
	"abcdeF": 1, 
	"AbCdeF": 1, 
	"aBcDeF": 1, 
	"AbCDEF": 1, 
	"abCDeF": 1, 
	"abCDEf": 1, 
	"AbcDEf": 1, 
	"abCdEf": 1, 
	"aBCdeF": 1, 
	"ABcDeF": 1, 
	"ABCdeF": 1, 
	"AbcDeF": 1, 
	"aBcdEf": 1, 
	"abcDEf": 1, 
	"abCDef": 1, 
	"AbCDef": 1, 
	"AbCDEf": 1, 
	"abCdeF": 1, 
	"ABcdeF": 1, 
	"ABcDEf": 1, 
	"aBCDEF": 1, 
	"aBCdEf": 1, 
	"AbcdEF": 1, 
	"abcDef": 1, 
	"aBcdef": 1, 
	"ABcdEf": 1, 
	"ABcdef": 1, 
	"aBCdEF": 1, 
	"AbCDeF": 1, 
	"aBCDef": 1, 
	"ABcDef": 1, 
	"abCdEF": 1, 
	"ABCDEf": 1, 
	"ABCDeF": 1}}, 
	"result": {"AaBBccddEEff": 2, 
	"AabbCcDdEEFf": 16, 
	"AABBCCDDEeFf": 4, 
	"aaBbccDdEeFf": 16, 
	"AaBBCCddeeFF": 2, 
	"AABbCcDdEeFF": 16, 
	"aabbccDdEeff": 4, 
	"AaBbCCDDeeFF": 4, 
	"AaBBCCDDEeFf": 8, 
	"AABbccDdeeFf": 8, 
	"aabbccDdeeFf": 4, 
	"AaBBccddEeFf": 8, 
	"AABBCCDDEEFf": 2, 
	"AAbbccddEeff": 2, 
	"AAbbccDdEEFf": 4, 
	"AaBbCcDDeeFF": 8, 
	"AaBbccDDeeFF": 4, 
	"AaBBCcDdeeFF": 8, 
	"AABbCcddEEff": 4, 
	"AaBBccddEEFf": 4, 
	"AaBbccddEeFF": 8, 
	"AabbCCDdEEFf": 8, 
	"aaBBCCddEeFf": 4, 
	"AABBCcDDeeff": 2, 
	"AAbbccDdEEFF": 2, 
	"AaBBccDdeeFF": 4, 
	"AABbccddEeff": 4, 
	"AABbCCDdEeFf": 16, 
	"AABbccDdeeFF": 4, 
	"AaBBCCddEEFf": 4, 
	"AabbccDdEEFf": 8, 
	"AaBBCCddeeff": 2, 
	"aaBBCcDDeeFf": 4, 
	"AAbbCCDDeeFf": 2, 
	"aaBbCcDdeeff": 8, 
	"AabbccDDEeff": 4, 
	"AAbbCcddeeff": 2, 
	"AAbbccDDEEFf": 2, 
	"AaBbccDdEEFF": 8, 
	"AabbccddEeff": 4, 
	"aaBbCCddEEFf": 4, 
	"aaBBccDDEeff": 2, 
	"AABBCCDdeeFF": 2, 
	"AaBbCcddEEFf": 16, 
	"AaBbccDDEeFf": 16, 
	"aaBbCCDDEeFf": 8, 
	"AABbCcDdEEff": 8, 
	"AaBBCCDDeeff": 2, 
	"AaBBccDDeeFF": 2, 
	"aabbCcDdeeFF": 4, 
	"AAbbCcddEEFF": 2, 
	"AABBCcDdeeff": 4, 
	"AABbCCDDEeFF": 4, 
	"AaBbCCddeeFF": 4, 
	"aaBbCCDDEeff": 4, 
	"AaBBCcDDEeFF": 8, 
	"aaBbccddEEff": 2, 
	"AaBbccddeeff": 4, 
	"AaBbccDDeeFf": 8, 
	"aaBBCcDDeeFF": 2, 
	"AABBCCDdeeff": 2, 
	"aaBbCcddeeFf": 8, 
	"AaBBCCddeeFf": 4, 
	"AaBBCCDdEeFf": 16, 
	"AabbCcDDEeFf": 16, 
	"AABbCcDdeeff": 8, 
	"AaBbCCDdeeFf": 16, 
	"AABbccddEeFF": 4, 
	"AAbbCcddEEff": 2, 
	"AabbCCDDEeFf": 8, 
	"AaBbCCDDEEFf": 8, 
	"aabbCcDDeeFF": 2, 
	"aabbCCddEeFF": 2, 
	"AABbCCDdEeff": 8, 
	"AabbccddeeFF": 2, 
	"aaBbCCDdeeFF": 4, 
	"AABbccDdEEFF": 4, 
	"AabbccddEeFf": 8, 
	"aaBBccDDeeff": 1, 
	"AaBbccddeeFf": 8, 
	"aabbCCDDEeFf": 4, 
	"aaBbCcDdEEFf": 16, 
	"aaBBccDDEEFF": 1, 
	"AaBbCCddEeff": 8, 
	"AaBBccDdEeFF": 8, 
	"aaBBccDdeeFF": 2, 
	"AAbbCcDdEEff": 4, 
	"aaBBCcDdEEFf": 8, 
	"AaBBCcddeeff": 4, 
	"AABBccDdEEFF": 2, 
	"aaBbCcDdeeFF": 8, 
	"AaBBCCddEEff": 2, 
	"AABbCCddEeFf": 8, 
	"aabbCCDdEEFF": 2, 
	"AABbccDdEEff": 4, 
	"AAbbccddEEFf": 2, 
	"AABbCCddEEFf": 4, 
	"AAbbCCddEEFf": 2, 
	"AaBbCCDDeeFf": 8, 
	"aabbCCDDEeff": 2, 
	"AABbccDDeeFF": 2, 
	"AaBbccDdEEFf": 16, 
	"AaBbCcddEeff": 16, 
	"AAbbCcddEeFf": 8, 
	"AaBbCcDdEEFf": 32, 
	"AABBCcddeeFF": 2, 
	"AabbccddEEFF": 2, 
	"AABbCcDdeeFf": 16, 
	"AABbCcDdEeFf": 32, 
	"AaBBCcddEeFf": 16, 
	"aabbCCDDEEFF": 1, 
	"AABbCCDdeeFf": 8, 
	"AabbCCddeeFf": 4, 
	"AaBBCCDDEEFf": 4, 
	"AaBBCCDdeeff": 4, 
	"aaBbCCddeeff": 2, 
	"AabbCCDdEEFF": 4, 
	"AAbbCcddEEFf": 4, 
	"AAbbCCddEeff": 2, 
	"AaBbCcddEEFF": 8, 
	"AAbbCcDdeeFf": 8, 
	"AaBBccDDEeff": 4, 
	"AAbbccddEEff": 1, 
	"AabbCcddEeff": 8, 
	"AAbbCCDdEeFF": 4, 
	"AaBBccddeeFf": 4, 
	"aaBbCCddEeFF": 4, 
	"AABbCCDdEeFF": 8, 
	"aaBBccDdEeff": 4, 
	"AaBbCCDDEeFF": 8, 
	"aabbccDdeeFF": 2, 
	"AabbccDdEeff": 8, 
	"AaBbCcddEeFF": 16, 
	"AaBbccddEEff": 4, 
	"AabbccDDEEff": 2, 
	"aabbccddEEFF": 1, 
	"AAbbCcDdeeff": 4, 
	"AAbbccddEEFF": 1, 
	"aaBbCCddEeFf": 8, 
	"AaBBCcddEEff": 4, 
	"AabbCCDdEeFF": 8, 
	"aaBbCCDDEEff": 2, 
	"AABBCcddEEFF": 2, 
	"AaBbCCDDEeFf": 16, 
	"AABbccddEEFF": 2, 
	"AAbbCCDDEEFf": 2, 
	"AABbCCDDeeFf": 4, 
	"AAbbCCDDEeFf": 4, 
	"AabbccDDEeFf": 8, 
	"AaBBCcDdEEFF": 8, 
	"AabbCcDdeeFf": 16, 
	"AaBbccddEeff": 8, 
	"AABBCCddEeff": 2, 
	"aaBBCcDdEEff": 4, 
	"AABbccDDEeff": 4, 
	"aaBbCCDDeeFf": 4, 
	"AABbccDdEEFf": 8, 
	"AaBbCcddEEff": 8, 
	"AABBCCddeeFf": 2, 
	"aaBBCCDDEEFF": 1, 
	"aaBbccDDEeff": 4, 
	"aabbccddeeff": 1, 
	"AaBbCcddeeff": 8, 
	"aaBbCcDDeeFf": 8, 
	"aaBbccDdeeff": 4, 
	"AabbccDDEEFf": 4, 
	"AaBBccDDeeff": 2, 
	"aaBBCCDDEeFf": 4, 
	"AAbbccDdeeFf": 4, 
	"AaBbCCDdEEFF": 8, 
	"AABbCCddEEff": 2, 
	"aaBbCcDDEeff": 8, 
	"aabbCcDDEeff": 4, 
	"AaBBCCDdEEFF": 4, 
	"AaBBCcDDeeff": 4, 
	"AABbccDdEeFf": 16, 
	"AAbbccDdEeff": 4, 
	"aaBBCCddeeff": 1, 
	"aaBBCCDdeeFf": 4, 
	"AAbbCcDDeeFf": 4, 
	"AABbCCDDeeFF": 2, 
	"AABBCcDDEeff": 4, 
	"aaBBccDDeeFf": 2, 
	"aaBBccddeeFF": 1, 
	"AABBccDDEEFF": 1, 
	"aabbCCDdeeff": 2, 
	"AaBBCCDDeeFF": 2, 
	"AabbccddEEff": 2, 
	"aaBBCcddEEFf": 4, 
	"AABbccddeeFF": 2, 
	"AABbccDDEEFF": 2, 
	"AABbCCDdeeFF": 4, 
	"aaBBccDdEEFF": 2, 
	"AAbbccddeeff": 1, 
	"AABbccddEEff": 2, 
	"AAbbCcDdEEFf": 8, 
	"AABbCcddEeFF": 8, 
	"aaBbccDDEEff": 2, 
	"aaBBccDDEEff": 1, 
	"AaBbCcDDEEFf": 16, 
	"AaBBCCDDEeFF": 4, 
	"AABBCCDdEeFf": 8, 
	"aaBBCcddEEFF": 2, 
	"AAbbCcDdEEFF": 4, 
	"AABbCCDdeeff": 4, 
	"AABBccddEeFF": 2, 
	"AABbCcDDEeFF": 8, 
	"AaBbCcDdEEFF": 16, 
	"aaBBCcDdeeFF": 4, 
	"aaBBCcDdEeff": 8, 
	"aaBbccDDEeFF": 4, 
	"aaBBccDDEEFf": 2, 
	"AaBBccDDEeFF": 4, 
	"aaBBCCddEeFF": 2, 
	"AABBccDDEEff": 1, 
	"AABBCcDDEEFf": 4, 
	"AaBbCCDdEeFf": 32, 
	"AABBCCDDeeFF": 1, 
	"AABbccDDEEff": 2, 
	"AABBccddEEFf": 2, 
	"AABBccDdEeff": 4, 
	"AaBbccddEeFf": 16, 
	"AABbCcDdeeFF": 8, 
	"aaBbccDdEeFF": 8, 
	"aaBbCCDdeeff": 4, 
	"aabbCcddEeff": 4, 
	"AAbbccDDEEff": 1, 
	"AABBCCddeeff": 1, 
	"aaBbccDDEeFf": 8, 
	"AABbCCDDEeff": 4, 
	"AAbbCcDDEeFF": 4, 
	"aabbccddEeff": 2, 
	"aaBbCCDDeeFF": 2, 
	"AABBccddeeFf": 2, 
	"AaBBccDdEeff": 8, 
	"AabbCcddEeFf": 16, 
	"AaBbCcDDEeFf": 32, 
	"aaBbCcddEEff": 4, 
	"AABBCcDDeeFF": 2, 
	"AAbbCcDDeeFF": 2, 
	"aaBbCcDDEeFf": 16, 
	"AabbCcDDeeFf": 8, 
	"aabbCcDDEEFF": 2, 
	"aaBBCcDdeeFf": 8, 
	"AaBBccDdeeff": 4, 
	"aaBbCCDDEEFF": 2, 
	"AaBBCcDDeeFF": 4, 
	"aaBBccddEEff": 1, 
	"Aabbccddeeff": 2, 
	"AaBBCCDDeeFf": 4, 
	"aaBbccDDEEFf": 4, 
	"AAbbCCDDEeff": 2, 
	"AABbccddEEFf": 4, 
	"aaBBccDdeeff": 2, 
	"AABBCcDDeeFf": 4, 
	"AaBbccDDEEFF": 4, 
	"aaBbCcDdEeff": 16, 
	"AAbbCcDdEeFF": 8, 
	"aaBBCcddEeFf": 8, 
	"aabbCCddeeFF": 1, 
	"AAbbCcDdEeFf": 16, 
	"aaBBCCDDEeFF": 2, 
	"aabbccddeeFF": 1, 
	"AaBBCcDdEeFF": 16, 
	"AAbbCcDdEeff": 8, 
	"AABBCCDDeeff": 1, 
	"AabbCCddEEff": 2, 
	"AabbCcDDEeFF": 8, 
	"aaBBCCddEEff": 1, 
	"AaBbCCddeeFf": 8, 
	"aaBbCcDdeeFf": 16, 
	"aaBbCCDdEeFF": 8, 
	"AabbCcddEeFF": 8, 
	"aaBBCCddEEFF": 1, 
	"AaBBccDdeeFf": 8, 
	"aaBbccddEeFF": 4, 
	"aaBbCcddEEFF": 4, 
	"AABbCCDdEEFf": 8, 
	"AaBbCcddEeFf": 32, 
	"AABBCcDdEeFF": 8, 
	"AABBCcddeeFf": 4, 
	"aabbCcDdEeff": 8, 
	"AaBBCCddEeff": 4, 
	"AaBBccDdEEFf": 8, 
	"AABbccDDeeFf": 4, 
	"AABBCCddEEFf": 2, 
	"aabbCcddEEff": 2, 
	"AabbCCDdEeff": 8, 
	"AabbCcddEEFf": 8, 
	"AaBbccddEEFf": 8, 
	"aabbCCddEeff": 2, 
	"aaBBccddeeff": 1, 
	"AABBCcDdeeFf": 8, 
	"AaBBCCDdEeFF": 8, 
	"aaBBCcDdEEFF": 4, 
	"AaBBCcddeeFF": 4, 
	"AaBbCCDDEEFF": 4, 
	"AABBCCddEeFf": 4, 
	"AAbbCcddeeFf": 4, 
	"aabbccDDEeFf": 4, 
	"AaBbccDdeeff": 8, 
	"aabbCCDdEEff": 2, 
	"AaBBccDDeeFf": 4, 
	"AaBbCcDdeeFf": 32, 
	"aaBBCCDdEeff": 4, 
	"AaBBCcddEEFF": 4, 
	"aaBBCcDDEeFf": 8, 
	"AaBBccddEeff": 4, 
	"AaBbCcDDEeFF": 16, 
	"AaBbCcDDEEff": 8, 
	"aaBBCCddEEFf": 2, 
	"aaBbCCDDEeFF": 4, 
	"aaBBCcDDEEFf": 4, 
	"AABbccDDeeff": 2, 
	"aaBbccDdEEff": 4, 
	"aabbCCddEeFf": 4, 
	"aabbCcDdEEff": 4, 
	"AAbbCCddeeFF": 1, 
	"AabbCcddEEff": 4, 
	"aaBBccddeeFf": 2, 
	"aabbCcDdEEFf": 8, 
	"AAbbccDDEeff": 2, 
	"AAbbCcddeeFF": 2, 
	"AAbbccDDeeff": 1, 
	"AabbCcDDeeFF": 4, 
	"AaBBCcDDEEff": 4, 
	"AABbCCDDEeFf": 8, 
	"aabbccddEEFf": 2, 
	"AaBbCcDdEeFf": 64, 
	"aabbCCDDeeff": 1, 
	"AaBBccDDEEff": 2, 
	"aaBBCcDDeeff": 2, 
	"aaBBCCDDeeFf": 2, 
	"aaBBCCDdEeFF": 4, 
	"AABbCcddeeFf": 8, 
	"AaBbCCDdEeFF": 16, 
	"AABbCcDDeeFf": 8, 
	"AabbCCddEeFf": 8, 
	"aaBbccddeeFf": 4, 
	"AaBBccDDEeFf": 8, 
	"aabbccddeeFf": 2, 
	"AabbccDdEeFf": 16, 
	"AaBBccDDEEFF": 2, 
	"AAbbCCDdEeFf": 8, 
	"AABbCCddEEFF": 2, 
	"aaBbCCDdEEff": 4, 
	"AabbCCDdEEff": 4, 
	"aaBBCCDdEeFf": 8, 
	"AaBBCcddEeFF": 8, 
	"AAbbccDDEeFf": 4, 
	"aabbCCddEEff": 1, 
	"AABbCcDdEEFf": 16, 
	"aaBBccDDEeFf": 4, 
	"aabbccDDeeFF": 1, 
	"aaBBccddEeff": 2, 
	"aabbCcDdEeFF": 8, 
	"aaBbCCDdEeff": 8, 
	"aabbCcDDEeFF": 4, 
	"AaBbCcDDeeFf": 16, 
	"AabbCcDdEeFF": 16, 
	"aaBBCcddEeff": 4, 
	"AaBbCCddEEff": 4, 
	"AabbCcDDEeff": 8, 
	"aaBbccDDeeff": 2, 
	"aaBBCCDDeeFF": 1, 
	"aaBBCcddeeFF": 2, 
	"AaBbccddEEFF": 4, 
	"aaBBccDdeeFf": 4, 
	"aabbccDdeeff": 2, 
	"AAbbCCddEeFf": 4, 
	"aaBBccDDeeFF": 1, 
	"aabbccDdEeFF": 4, 
	"AabbccDdeeFF": 4, 
	"aabbccDDEeff": 2, 
	"AAbbCcDDEEFf": 4, 
	"aaBBCCDdeeFF": 2, 
	"AABbCcDDEeFf": 16, 
	"aaBBCcDdeeff": 4, 
	"AABbCcDdEeff": 16, 
	"AabbCCDDEeff": 4, 
	"AabbccDdeeff": 4, 
	"aaBbCcddEeff": 8, 
	"AAbbCcDDEEff": 2, 
	"AaBbCcDdeeff": 16, 
	"AABbCCddeeFF": 2, 
	"AabbCCDdeeFF": 4, 
	"aabbCCddeeFf": 2, 
	"aaBbccddeeff": 2, 
	"AaBBCcddeeFf": 8, 
	"AABbccDdEeff": 8, 
	"AABBCCddEEff": 1, 
	"AABbCcddEEFF": 4, 
	"aabbCcDdEeFf": 16, 
	"AaBbCcddeeFf": 16, 
	"AABBccDdeeff": 2, 
	"AaBbccDdEEff": 8, 
	"AaBBCcDdEEff": 8, 
	"AaBBCcDdEEFf": 16, 
	"AAbbCCDDeeFF": 1, 
	"aabbCCddEEFF": 1, 
	"AABBCcddEEFf": 4, 
	"AaBBCCDdEeff": 8, 
	"aaBbccDdeeFF": 4, 
	"AABbCcddEeff": 8, 
	"aabbccDDEEFf": 2, 
	"aaBBCCDdEEff": 2, 
	"AabbCCddEeff": 4, 
	"aaBBccDDEeFF": 2, 
	"AaBbccDdEeFf": 32, 
	"AAbbCcDdeeFF": 4, 
	"AaBbccDDEeFF": 8, 
	"AABBccDDeeFF": 1, 
	"aaBbCCddEEFF": 2, 
	"aabbCCddeeff": 1, 
	"AaBBCcDdEeff": 16, 
	"AABBCCDdEEFf": 4, 
	"aaBbCCDdEEFf": 8, 
	"AabbCCDDEeFF": 4, 
	"aaBBCCddeeFF": 1, 
	"AAbbCCDDeeff": 1, 
	"aabbCcDDEeFf": 8, 
	"AaBbCCDdeeFF": 8, 
	"AABbCCDDEEFF": 2, 
	"AaBBccDdEeFf": 16, 
	"AabbCcDdeeff": 8, 
	"aaBBCcDDEEff": 2, 
	"AabbCCddeeFF": 2, 
	"AaBbccDDEeff": 8, 
	"aaBbccddeeFF": 2, 
	"AAbbCCDdeeFf": 4, 
	"aaBBCCDdEEFf": 4, 
	"AaBbccDDEEFf": 8, 
	"aaBbCcDdEeFf": 32, 
	"AABbCCddEeff": 4, 
	"AabbCCDDEEff": 2, 
	"AABbCcDdEEFF": 8, 
	"aabbccDDeeFf": 2, 
	"aaBbCcDDEeFF": 8, 
	"AAbbCcDDEeFf": 8, 
	"AaBBCcDDEeFf": 16, 
	"aabbccDdEEFf": 4, 
	"aabbCcddEEFF": 2, 
	"aaBBccddEEFF": 1, 
	"aaBbCcDDeeFF": 4, 
	"AaBbCCDDeeff": 4, 
	"aaBBccDdEEff": 2, 
	"aaBBCCDDEEFf": 2, 
	"aaBbccddEeFf": 8, 
	"aabbCCddEEFf": 2, 
	"AabbCcddEEFF": 4, 
	"AABbCCDDeeff": 2, 
	"aaBBCCDDeeff": 1, 
	"aabbCCDdeeFF": 2, 
	"aaBBCcDDEeff": 4, 
	"AABbccddeeFf": 4, 
	"AAbbCcDDeeff": 2, 
	"aabbCcddEeFf": 8, 
	"AabbccDDeeff": 2, 
	"aabbccDDEEFF": 1, 
	"AABbccDdeeff": 4, 
	"aaBBCcddEeFF": 4, 
	"AABBccDdeeFf": 4, 
	"aaBBCCDDEEff": 1, 
	"aaBbccDDEEFF": 2, 
	"AabbCcDdeeFF": 8, 
	"AABBCCddEeFF": 2, 
	"AabbccDDEEFF": 2, 
	"AABBccddeeFF": 1, 
	"aaBbccDdeeFf": 8, 
	"AABBCCDdEeFF": 4, 
	"AAbbccDDEEFF": 1, 
	"AABbCcDDEEFF": 4, 
	"aabbCCDDEEFf": 2, 
	"AAbbCCDDEEFF": 1, 
	"aabbCcDdEEFF": 4, 
	"AABbccDDEeFf": 8, 
	"aaBBccDdEEFf": 4, 
	"aaBbCCddeeFf": 4, 
	"AaBBccddEeFF": 4, 
	"AabbCcDDEEFf": 8, 
	"AabbCcddeeff": 4, 
	"AaBbCCddEeFF": 8, 
	"AaBBCcDDEEFf": 8, 
	"AABBCCDdEEff": 2, 
	"aabbCCDdeeFf": 4, 
	"aaBbCCDdEeFf": 16, 
	"AAbbccddeeFF": 1, 
	"AABBCcddEeff": 4, 
	"AaBbccddeeFF": 4, 
	"AaBbCCDDEeff": 8, 
	"AABBCcDDEeFF": 4, 
	"AaBBCCDdEEFf": 8, 
	"AabbCcDDEEFF": 4, 
	"AABBCCDdEeff": 4, 
	"AABBCcDdEeff": 8, 
	"AabbCcDdEEff": 8, 
	"AAbbccddEeFf": 4, 
	"AAbbCCDdEEff": 2, 
	"aaBbCcddeeFF": 4, 
	"AaBBccddeeFF": 2, 
	"aabbCCDDEEff": 1, 
	"aaBbCCddEEff": 2, 
	"aaBbCCDDeeff": 2, 
	"AabbCCDDeeff": 2, 
	"AAbbccddeeFf": 2, 
	"AAbbCcddEeff": 4, 
	"aaBbccDDeeFF": 2, 
	"AABBCCDDEeff": 2, 
	"aaBbCcDdEEff": 8, 
	"AAbbCCDdEEFF": 2, 
	"AABBccddEeff": 2, 
	"AabbCCDDeeFF": 2, 
	"aaBbCcddEeFf": 16, 
	"AABbCcddeeFF": 4, 
	"AaBBCcDDEeff": 8, 
	"AabbCCDDEEFF": 2, 
	"AAbbccDdeeFF": 2, 
	"AabbCcddeeFf": 8, 
	"AaBBCCDDEEFF": 2, 
	"AaBBCcDdeeff": 8, 
	"aabbccddEeFF": 2, 
	"AaBBCcddEEFf": 8, 
	"aaBBCCddEeff": 2, 
	"AaBbCcDdEeff": 32, 
	"AaBBccDDEEFf": 4, 
	"AabbCCDdeeff": 4, 
	"AabbCCDdeeFf": 8, 
	"AaBbccDdEeFF": 16, 
	"aaBbCcDDEEFf": 8, 
	"AaBBccddEEFF": 2, 
	"AABBCCDDeeFf": 2, 
	"AABbCcddeeff": 4, 
	"aabbCcDdeeff": 4, 
	"AABBCcDDEEff": 2, 
	"AABBccDdEeFf": 8, 
	"AABBccDDEEFf": 2, 
	"AABBccddEeFf": 4, 
	"aaBBccddEEFf": 2, 
	"AABBccDDeeff": 1, 
	"AAbbCCDdEeff": 4, 
	"AabbCCDDEEFf": 4, 
	"AaBbCcDDEEFF": 8, 
	"AAbbCCDdeeFF": 2, 
	"aabbCcddeeff": 2, 
	"aaBBccddEeFf": 4, 
	"AABBccddEEff": 1, 
	"AaBbccDdeeFf": 16, 
	"AAbbccDdeeff": 2, 
	"AabbCcDdEEFF": 8, 
	"aabbccDdEEff": 2, 
	"AabbccddeeFf": 4, 
	"AABBCCddEEFF": 1, 
	"AABBccDdeeFF": 2, 
	"aaBbccDdEEFf": 8, 
	"AABbccddEeFf": 8, 
	"AABbCCDdEEff": 4, 
	"aabbCCDdEeFF": 4, 
	"AabbCcddeeFF": 4, 
	"AaBBccddeeff": 2, 
	"AaBbCCDdEEff": 8, 
	"AabbccDDeeFF": 2, 
	"AabbCcDDeeff": 4, 
	"aaBBCCDdeeff": 2, 
	"aaBBCcDDEeFF": 4, 
	"aabbCcDDeeff": 2, 
	"AaBBCcDdeeFf": 16, 
	"aabbccddEEff": 1, 
	"aabbccDDeeff": 1, 
	"AABbCcDDeeFF": 4, 
	"aabbCCDdEeFf": 8, 
	"aaBBCcddeeff": 2, 
	"AAbbCCddeeff": 1, 
	"AaBbCCDDEEff": 4, 
	"aaBbCcddEEFf": 8, 
	"aabbCcDDEEff": 2, 
	"AABbCcddEeFf": 16, 
	"AaBbCCDdeeff": 8, 
	"aaBbCCDDEEFf": 4, 
	"aaBbccDdEEFF": 4, 
	"AabbccDDEeFF": 4, 
	"AABBCcDdEEFf": 8, 
	"aabbCcddEEFf": 4, 
	"AabbCCddEeFF": 4, 
	"aaBBCCDdEEFF": 2, 
	"AABBccDdEEFf": 4, 
	"AABBCcDDEEFF": 2, 
	"AABbCCddeeff": 2, 
	"AABBccDdEeFF": 4, 
	"AAbbCcddEeFF": 4, 
	"aaBBccDdEeFF": 4, 
	"AabbccDdeeFf": 8, 
	"AaBbccDdEeff": 16, 
	"aaBBCcddeeFf": 4, 
	"AABbCCDDEEff": 2, 
	"AABbccDdEeFF": 8, 
	"AaBBccDdEEFF": 4, 
	"AaBBCCDDEeff": 4, 
	"AABbCCddEeFF": 4, 
	"aabbCcDDeeFf": 4, 
	"aabbCcddEeFF": 4, 
	"AabbccDdEeFF": 8, 
	"AABBCcddEeFf": 8, 
	"AABBCcDdEeFf": 16, 
	"AAbbccDdEeFF": 4, 
	"aaBbCcDDEEFF": 4, 
	"AAbbccDDeeFf": 2, 
	"AabbccDdEEff": 4, 
	"AaBbCcDdeeFF": 16, 
	"aaBBCcDDEEFF": 2, 
	"AaBBCCddEEFF": 2, 
	"AabbCCddEEFf": 4, 
	"AaBBCCDdeeFf": 8, 
	"AaBBCCddEeFf": 8, 
	"AabbCcDDEEff": 4, 
	"aabbccddEeFf": 4, 
	"AabbCcDdEeff": 16, 
	"AABBCcddeeff": 2, 
	"AABBCCDdEEFF": 2, 
	"AAbbccDdEeFf": 8, 
	"aaBBCcddEEff": 2, 
	"aabbCcDDEEFf": 4, 
	"AaBbCCddEEFf": 8, 
	"AaBbCCDdEEFf": 16, 
	"AaBBCCddEeFF": 4, 
	"AABBCCDDEEff": 1, 
	"aaBbccddEEFF": 2, 
	"AABBccddeeff": 1, 
	"AABBccDdEEff": 2, 
	"aaBbCcddEeFF": 8, 
	"AAbbccDDEeFF": 2, 
	"AaBbccDdeeFF": 8, 
	"AABBCcDdEEFF": 4, 
	"AabbccDdEEFF": 4, 
	"AaBBCcDDEEFF": 4, 
	"AAbbccDdEEff": 2, 
	"aabbCCDDEeFF": 2, 
	"aabbCCDdEEFf": 4, 
	"AaBbCcDDEeff": 16, 
	"AaBBCCDdeeFF": 4, 
	"AABBccDDEeFF": 2, 
	"aabbCCDdEeff": 4, 
	"aaBbCcDdEEFF": 8, 
	"AabbCCddeeff": 2, 
	"AABbccDDEeFF": 4, 
	"AaBbCcDDeeff": 8, 
	"AABbccddeeff": 2, 
	"AABBCcddEeFF": 4, 
	"AaBBCCDdEEff": 4, 
	"AABbCcDDEEFf": 8, 
	"aaBBccddEeFF": 2, 
	"AABbCcddEEFf": 8, 
	"aaBbccddEEFf": 4, 
	"aaBbCCddeeFF": 2, 
	"AABBCcDdEEff": 4, 
	"AabbccddEEFf": 4, 
	"AaBbCcDdEEff": 16, 
	"aaBBCcDdEeFF": 8, 
	"AaBBCcDdEeFf": 32, 
	"AABBCCDDEeFF": 2, 
	"AaBBCcddEeff": 8, 
	"aaBbCcddeeff": 4, 
	"aabbccDDEEff": 1, 
	"AabbCcDdEeFf": 32, 
	"aaBbCCDdEEFF": 4, 
	"AABBCcDdeeFF": 4, 
	"aaBBCCddeeFf": 2, 
	"AABBCCddeeFF": 1, 
	"AABBccDDEeff": 2, 
	"AABBccDDEeFf": 4, 
	"AABBCCDDEEFF": 1, 
	"aaBbccDDeeFf": 4, 
	"aabbCCDDeeFF": 1, 
	"AaBbCCddeeff": 4, 
	"AAbbCcDDEEFF": 2, 
	"AABbCcDDEeff": 8, 
	"AAbbCCddEeFF": 2, 
	"aaBbCCDdeeFf": 8, 
	"aaBbccddEeff": 4, 
	"aaBBCCDDEeff": 2, 
	"AaBbCcddeeFF": 8, 
	"aabbccDdEeFf": 8, 
	"aabbCCDDeeFf": 2, 
	"AABbccDDEEFf": 4, 
	"AaBbCCddEEFF": 4, 
	"AAbbCCDDEEff": 1, 
	"AaBbCcDdEeFF": 32, 
	"AabbccDDeeFf": 4, 
	"AaBbCCddEeFf": 16, 
	"AABBCCDdeeFf": 4, 
	"AABBCcddEEff": 2, 
	"AABbCCDDEEFf": 4, 
	"AaBbccDDeeff": 4, 
	"AAbbCCDdeeff": 2, 
	"AaBbCCDdEeff": 16, 
	"aaBbCcDDeeff": 4, 
	"aabbCcddeeFf": 4, 
	"AAbbCCddEEFF": 1, 
	"AABbCcDDeeff": 4, 
	"AAbbccddEeFF": 2, 
	"AABBccDDeeFf": 2, 
	"aaBBCcDdEeFf": 16, 
	"AABbCCDdEEFF": 4, 
	"aabbCcDdeeFf": 8, 
	"AaBBCcDDeeFf": 8, 
	"AabbCCddEEFF": 2, 
	"AAbbCCDdEEFf": 4, 
	"AAbbccDDeeFF": 1, 
	"AabbCCDdEeFf": 16, 
	"AABbCcDDEEff": 4, 
	"aabbCcddeeFF": 2, 
	"AABBCcDDEeFf": 8, 
	"AABbCCddeeFf": 4, 
	"AaBbccDDEEff": 4, 
	"aabbccDdEEFF": 2, 
	"AaBBccDdEEff": 4, 
	"AaBBCCDDEEff": 2, 
	"AABBccddEEFF": 1, 
	"AAbbCCddEEff": 1, 
	"aaBbCcDDEEff": 4, 
	"AabbCCDDeeFf": 4, 
	"AAbbCcDDEeff": 4, 
	"aaBbccDdEeff": 8, 
	"AAbbCCDDEeFF": 2, 
	"AAbbCCddeeFf": 2, 
	"aabbccDDEeFF": 2, 
	"aaBBccDdEeFf": 8, 
	"aaBbCCddEeff": 4, 
	"AabbccddEeFF": 4, 
	"aaBbCcDdEeFF": 16}}