{
  "credit": [
    "这是一个死亡筛选器,用于生成结果时对纯合致死这类问题的方便处理。",
    "配子或者子代基因型,存活率：全部存活大可不必写这里，默认为1.0。如果全部死亡，填0。",
    "如果要填一类基因型的话, 比如 显性纯合子 、 针对A的隐性纯合子 等等",
    "凡例1: 在die_gamete中：格式是这样的\"[配子]\":\"[存活率]\"",
    "",
    "凡例2: >在die_class中：[aa]针对aa, [A]针对AA和Aa, [a]针对aa和Aa",
    ">[$up]所有显性纯合子（只要有一对就属于，如AAbbCc）.[$down]所有隐性纯合子（只要有一对就会，如AABBcc）",
    "注意！如果同时出现这两者且恰好满足，则有可能会被处理两次！！！",
    "凡例3：修饰符：[0$]仅限雄性, [1$]仅限雌性",

    "以下为一个实例↓",
    "die_gamete:{\"ab\": 0.3,\"Ab\": 0.5},\"die_class\":{\"aa\": 0.5,\"a\": 0.1,\"$down\": 0.7,\"1$up\": 0\n  }"
  ],

  "loader_version": 1.1,
  "enabled": true,

  "die_gamete": {
    "ab": 0.3,
    "Ab": 0.5,
    "0$AB": 0.1
  },

  "die_class": {
    "aa": 0.5,
    "a": 0.1,
    "$down": 0.7,
    "1$up": 0
  }
}